{
    "da-01-longTermCareInsurance": {
        "avg": 0.5815185185185185,
        "std": 0.04414170395997449
    },
    "da-02-carryUmbrella": {
        "avg": 0.0,
        "std": 0.0
    },
    "da-04-cargoContainerScreening": {
        "avg": 0.693,
        "std": 0.0
    },
    "da-05-chemicalUsage": {
        "avg": 0.2385,
        "std": 0.08662892951301793
    },
    "gpt-01-disasterManagement": {
        "avg": 0.006571428571428571,
        "std": 0.011222850838908132
    },
    "gpt-02-scienceArtSelection": {
        "avg": 0.001,
        "std": 0.0011180339887498947
    },
    "gpt-03-electricVehicleMarketing": {
        "avg": 0.016259259259259258,
        "std": 0.023094442542596183
    },
    "gpt-04-agriculturalProduction": {
        "avg": 0.055,
        "std": 0.02494660965609021
    },
    "gpt-05-trafficManagement": {
        "avg": 0.033,
        "std": 0.0474903498969352
    },
    "gpt-06-examPreparation": {
        "avg": 0.01211111111111111,
        "std": 0.00305959329178097
    },
    "gpt-07-recruitment": {
        "avg": 0.031625,
        "std": 0.03757635084540731
    },
    "gpt-08-financialManagement": {
        "avg": 0.693,
        "std": 0.0
    },
    "gpt-09-productDevelopment": {
        "avg": 0.013259259259259259,
        "std": 0.02343828654900516
    },
    "gpt-10-healthManagement": {
        "avg": 0.1736,
        "std": 0.022667156857444647
    },
    "macro": {
        "avg": 0.18203175547996975,
        "std": 0.26711108782603177
    },
    "micro": {
        "avg": 0.22724210526315788,
        "std": 0.29081786572010915
    }
}