{
    "da-01-longTermCareInsurance": {
        "avg": 0.0,
        "std": 0.0
    },
    "da-02-carryUmbrella": {
        "avg": 0.0,
        "std": 0.0
    },
    "da-04-cargoContainerScreening": {
        "avg": 0.0002916666666666667,
        "std": 0.00046430562148753654
    },
    "da-05-chemicalUsage": {
        "avg": 0.0,
        "std": 0.0
    },
    "gpt-01-disasterManagement": {
        "avg": 0.0,
        "std": 0.0
    },
    "gpt-02-scienceArtSelection": {
        "avg": 0.0,
        "std": 0.0
    },
    "gpt-03-electricVehicleMarketing": {
        "avg": 0.0,
        "std": 0.0
    },
    "gpt-04-agriculturalProduction": {
        "avg": 0.0,
        "std": 0.0
    },
    "gpt-05-trafficManagement": {
        "avg": 0.0,
        "std": 0.0
    },
    "gpt-06-examPreparation": {
        "avg": 0.0,
        "std": 0.0
    },
    "gpt-07-recruitment": {
        "avg": 0.0,
        "std": 0.0
    },
    "gpt-08-financialManagement": {
        "avg": 0.0007777777777777778,
        "std": 0.00044095855184409844
    },
    "gpt-09-productDevelopment": {
        "avg": 0.0,
        "std": 0.0
    },
    "gpt-10-healthManagement": {
        "avg": 0.0,
        "std": 0.0
    },
    "macro": {
        "avg": 7.63888888888889e-05,
        "std": 0.0002163177938571427
    },
    "micro": {
        "avg": 6.0869565217391306e-05,
        "std": 0.0002396123697056714
    }
}