{
    "da-01-longTermCareInsurance": {
        "avg": 0.45706451612903226,
        "std": 0.36660013961480076
    },
    "da-02-carryUmbrella": {
        "avg": 0.0,
        "std": 0.0
    },
    "da-04-cargoContainerScreening": {
        "avg": 0.2916666666666667,
        "std": 0.4643056214875365
    },
    "da-05-chemicalUsage": {
        "avg": 0.09593750000000001,
        "std": 0.12910123611595153
    },
    "gpt-01-disasterManagement": {
        "avg": 0.0,
        "std": 0.0
    },
    "gpt-02-scienceArtSelection": {
        "avg": 0.009444444444444445,
        "std": 0.023243876134968925
    },
    "gpt-03-electricVehicleMarketing": {
        "avg": 0.05925925925925926,
        "std": 0.09306432539361505
    },
    "gpt-04-agriculturalProduction": {
        "avg": 0.2521111111111111,
        "std": 0.130882050377854
    },
    "gpt-05-trafficManagement": {
        "avg": 0.0,
        "std": 0.0
    },
    "gpt-06-examPreparation": {
        "avg": 0.065,
        "std": 0.06466529208161052
    },
    "gpt-07-recruitment": {
        "avg": 0.0,
        "std": 0.0
    },
    "gpt-08-financialManagement": {
        "avg": 1.0,
        "std": 0.0
    },
    "gpt-09-productDevelopment": {
        "avg": 0.008296296296296296,
        "std": 0.04310882009949205
    },
    "gpt-10-healthManagement": {
        "avg": 0.35688888888888887,
        "std": 0.05200347210630375
    },
    "macro": {
        "avg": 0.18540490591397848,
        "std": 0.28021366704252454
    },
    "micro": {
        "avg": 0.17732173913043478,
        "std": 0.31093697104401674
    }
}